<?xml version='1.0' encoding='UTF-8'?>
<description
    xmlns="http://openoffice.org/extensions/description/2006"
    xmlns:dep="http://openoffice.org/extensions/description/2006"
    xmlns:xlink="http://www.w3.org/1999/xlink">
  <identifier value="org.example.EYES17"/>
    <icon>
        <default xlink:href="images/eyes17-logo.png" />
    </icon>
    <version value="1.0"/>
    <registration>
        <simple-license  accept-by="admin" default-license-id="ID0" suppress-on-update="true" >
        <license-text xlink:href="license.txt" lang="en" license-id="ID0" />
        </simple-license>
    </registration>
    <publisher>
        <name xlink:href="mailto:georgesk@debian.Org">Georges Khaznadar</name>
    </publisher>
    <display-name>
        <name>EYES17 screenshots</name>
    </display-name>
</description>
